{"cameraMode":{"drawMode":0,"name":"Shaded","section":"Shading Mode"},"sceneLighting":true,"audioPlay":false,"sceneViewState":{"showFog":true,"showMaterialUpdate":false,"showSkybox":true,"showFlares":true,"showImageEffects":true,"showParticleSystems":true},"in2DMode":false,"pivot":{"x":1.0350432395935059,"y":6.039618492126465,"z":-0.12797164916992188},"rotation":{"x":0.03629870340228081,"y":0.026655996218323709,"z":-0.0009686715202406049,"w":0.9989849925041199},"size":34.76039505004883,"orthographic":true}