{"cameraMode":{"drawMode":0,"name":"Shaded","section":"Shading Mode"},"sceneLighting":true,"audioPlay":false,"sceneViewState":{"showFog":true,"showMaterialUpdate":false,"showSkybox":true,"showFlares":true,"showImageEffects":true,"showParticleSystems":true},"in2DMode":false,"pivot":{"x":-5.55170202255249,"y":-2.8227458000183107,"z":9.57084846496582},"rotation":{"x":0.08736423403024674,"y":-0.8985600471496582,"z":0.20879265666007996,"w":0.37598270177841189},"size":19.659900665283204,"orthographic":false}